{
  "en": {
    "clips": 100,
    "avg_WER": 0.2870847821187798,
    "avg_CER": 0.0712712380254995
  }
}